{
	"partitions" : [
		{
			"name" : "Top",
			"pins" : [
				{
					"name" : "q[23]",
					"strict" : false
				},
				{
					"name" : "q[22]",
					"strict" : false
				},
				{
					"name" : "q[21]",
					"strict" : false
				},
				{
					"name" : "q[20]",
					"strict" : false
				},
				{
					"name" : "q[19]",
					"strict" : false
				},
				{
					"name" : "q[18]",
					"strict" : false
				},
				{
					"name" : "q[17]",
					"strict" : false
				},
				{
					"name" : "q[16]",
					"strict" : false
				},
				{
					"name" : "q[15]",
					"strict" : false
				},
				{
					"name" : "q[14]",
					"strict" : false
				},
				{
					"name" : "q[13]",
					"strict" : false
				},
				{
					"name" : "q[12]",
					"strict" : false
				},
				{
					"name" : "q[11]",
					"strict" : false
				},
				{
					"name" : "q[10]",
					"strict" : false
				},
				{
					"name" : "q[9]",
					"strict" : false
				},
				{
					"name" : "q[8]",
					"strict" : false
				},
				{
					"name" : "q[7]",
					"strict" : false
				},
				{
					"name" : "q[6]",
					"strict" : false
				},
				{
					"name" : "q[5]",
					"strict" : false
				},
				{
					"name" : "q[4]",
					"strict" : false
				},
				{
					"name" : "q[3]",
					"strict" : false
				},
				{
					"name" : "q[2]",
					"strict" : false
				},
				{
					"name" : "q[1]",
					"strict" : false
				},
				{
					"name" : "q[0]",
					"strict" : false
				},
				{
					"name" : "clock",
					"strict" : false
				},
				{
					"name" : "address[0]",
					"strict" : false
				},
				{
					"name" : "address[1]",
					"strict" : false
				},
				{
					"name" : "address[2]",
					"strict" : false
				},
				{
					"name" : "address[3]",
					"strict" : false
				},
				{
					"name" : "address[4]",
					"strict" : false
				},
				{
					"name" : "address[5]",
					"strict" : false
				}
			]
		}
	]
}