{
	"system" : {
		"platform" : "windows64",
		"os_name" : "Windows 10",
		"os_version" : "10.0"
	},
	"error" : {
		"executable" : "quartus",
		"comment" : "not_applicable",
		"error_message" : "Access Violation at 0X00000000606D2492",
		"source_file" : "unknown",
		"line" : "0",
		"stack_trace" : "\t 0x606d2491: QtGui4 + 0x3a2491 (?currentSubWindow@QMdiArea@@QEBAPEAVQMdiSubWindow@@XZ + 0x81)\n\t 0x606d15bc: QtGui4 + 0x3a15bc (??_FQMdiArea@@QEAAXXZ + 0x62c)\n\t 0x606d3314: QtGui4 + 0x3a3314 (?eventFilter@QMdiArea@@MEAA_NPEAVQObject@@PEAVQEvent@@@Z + 0xb4)\n\t 0x6014f742: QtCore4 + 0x10f742 (?sendThroughApplicationEventFilters@QCoreApplicationPrivate@@QEAA_NPEAVQObject@@PEAVQEvent@@@Z + 0x92)\n\t 0x60352dbd: QtGui4 + 0x22dbd (?notify_helper@QApplicationPrivate@@QEAA_NPEAVQObject@@PEAVQEvent@@@Z + 0x1d)\n\t 0x60352b2f: QtGui4 + 0x22b2f (?notify@QApplication@@UEAA_NPEAVQObject@@PEAVQEvent@@@Z + 0x17bf)\n\t 0x6014d92b: QtCore4 + 0x10d92b (?notifyInternal@QCoreApplication@@AEAA_NPEAVQObject@@PEAVQEvent@@@Z + 0x7b)\n\t 0x60356398: QtGui4 + 0x26398 (?setActiveWindow@QApplication@@SAXPEAVQWidget@@@Z + 0x278)\n\t 0x603b6891: QtGui4 + 0x86891 (?winFocus@QApplication@@QEAAXPEAVQWidget@@_N@Z + 0x31)\n\t 0x603b765f: QtGui4 + 0x8765f (?winMouseButtonUp@QApplication@@SAXXZ + 0xd0f)\n\t0x7ffdd7e8e857: USER32 + 0xe857 (CallWindowProcW + 0x3f7)\n\t0x7ffdd7e8e3db: USER32 + 0xe3db (DispatchMessageW + 0x39b)\n\t0x7ffdd7ea0c02: USER32 + 0x20c02 (SendMessageTimeoutW + 0x142)\n\t0x7ffdd9d90ef3: ntdll + 0xa0ef3 (KiUserCallbackDispatcher + 0x23)\n\t0x7ffdd7cd1b23: win32u + 0x1b23 (NtUserShowWindow + 0x13)\n\t 0x603ca0f6: QtGui4 + 0x9a0f6 (?show_sys@QWidgetPrivate@@QEAAXXZ + 0x186)\n\t 0x603a08ce: QtGui4 + 0x708ce (?show_helper@QWidgetPrivate@@QEAAXXZ + 0x22e)\n\t 0x6039f478: QtGui4 + 0x6f478 (?setVisible@QWidget@@UEAAX_N@Z + 0x308)\n\t 0x6075432d: QtGui4 + 0x42432d (?setVisible@QDialog@@UEAAX_N@Z + 0xcd)\n\t 0x60753611: QtGui4 + 0x423611 (?exec@QDialog@@QEAAHXZ + 0xa1)\n\t0x7ffd7185b22a: GCL_AFCQ + 0xab22a (?internal_error_display@AFCQ_MSG_DISPLAY@@UEAAXV?$basic_string@DU?$char_traits@D@std@@V?$allocator@D@2@@std@@@Z + 0x27a)\n\t0x7ffdb0c6d963: CCL_MSG + 0x1d963 (?internal_error@MSG_REPORT@@UEAAXAEBV?$basic_string@DU?$char_traits@D@std@@V?$allocator@D@2@@std@@@Z + 0xe3)\n\t0x7ffdb0c87c87: CCL_MSG + 0x37c87 (?finalize@MSG_ERROR_INFO@@QEAAXXZ + 0x87)\n\t0x7ffdb0c887dd: CCL_MSG + 0x387dd (?report_fatal@MSG_INTERNAL_ERROR@@SAXPEBDPEAX@Z + 0x15d)\n\t0x7ffdb22a44f0: CCL_ERR + 0x44f0 (?err_report_fatal_exception@@YAXPEBDPEAX@Z + 0x70)\n\t0x7ffdb22a4379: CCL_ERR + 0x4379 (?err_handle_fatal_exception@@YAJPEAU_EXCEPTION_POINTERS@@@Z + 0xb9)\n\t0x7ffdd77502e6: KERNELBASE + 0x1102e6 (UnhandledExceptionFilter + 0x1e6)\n\t0x7ffdd9dbf607: ntdll + 0xcf607 (LdrResolveDelayLoadsFromDll + 0xb37)\n\t0x7ffdd9d90e5f: ntdll + 0xa0e5f (KiUserApcDispatcher + 0x9f)\n\t0x7ffdd9d9241e: ntdll + 0xa241e (__chkstk + 0x11e)\n\t0x7ffdd9d414a3: ntdll + 0x514a3 (RtlRaiseException + 0x433)\n\t0x7ffdd9d90f4d: ntdll + 0xa0f4d (KiUserExceptionDispatcher + 0x2d)\n\t 0x606d8afc: QtGui4 + 0x3a8afc (?subWindowList@QMdiArea@@QEBA?AV?$QList@PEAVQMdiSubWindow@@@@W4WindowOrder@1@@Z + 0x2bc)\n\t 0x606d6085: QtGui4 + 0x3a6085 (?qt_metacast@QMdiArea@@UEAAPEAXPEBD@Z + 0x3e5)\n\t 0x606d7210: QtGui4 + 0x3a7210 (?resizeEvent@QMdiArea@@MEAAXPEAVQResizeEvent@@@Z + 0x240)\n\t 0x60390bcd: QtGui4 + 0x60bcd (?event@QWidget@@MEAA_NPEAVQEvent@@@Z + 0x50d)\n\t 0x606b2676: QtGui4 + 0x382676 (?event@QFrame@@MEAA_NPEAVQEvent@@@Z + 0x36)\n\t 0x6014f802: QtCore4 + 0x10f802 (?sendThroughObjectEventFilters@QCoreApplicationPrivate@@QEAA_NPEAVQObject@@PEAVQEvent@@@Z + 0x82)\n\t 0x60352e81: QtGui4 + 0x22e81 (?notify_helper@QApplicationPrivate@@QEAA_NPEAVQObject@@PEAVQEvent@@@Z + 0xe1)\n\t 0x60352b2f: QtGui4 + 0x22b2f (?notify@QApplication@@UEAA_NPEAVQObject@@PEAVQEvent@@@Z + 0x17bf)\n\t 0x6014d92b: QtCore4 + 0x10d92b (?notifyInternal@QCoreApplication@@AEAA_NPEAVQObject@@PEAVQEvent@@@Z + 0x7b)\n\t 0x603c89b6: QtGui4 + 0x989b6 (?setGeometry_sys@QWidgetPrivate@@QEAAXHHHH_N@Z + 0xa76)\n\t 0x6039c270: QtGui4 + 0x6c270 (?setGeometry@QWidget@@QEAAXAEBVQRect@@@Z + 0xb0)\n\t 0x607240f0: QtGui4 + 0x3f40f0 (?layoutChildren@QAbstractScrollAreaPrivate@@QEAAXXZ + 0x5e0)\n\t 0x606d98c7: QtGui4 + 0x3a98c7 (?currentPlatform@QApplicationPrivate@@SAIXZ + 0x917)\n\t 0x606d8fff: QtGui4 + 0x3a8fff (?currentPlatform@QApplicationPrivate@@SAIXZ + 0x4f)\n\t 0x606d9b0a: QtGui4 + 0x3a9b0a (?viewportEvent@QMdiArea@@MEAA_NPEAVQEvent@@@Z + 0x17a)\n\t 0x6014f802: QtCore4 + 0x10f802 (?sendThroughObjectEventFilters@QCoreApplicationPrivate@@QEAA_NPEAVQObject@@PEAVQEvent@@@Z + 0x82)\n\t 0x60352e81: QtGui4 + 0x22e81 (?notify_helper@QApplicationPrivate@@QEAA_NPEAVQObject@@PEAVQEvent@@@Z + 0xe1)\n\t 0x60352b2f: QtGui4 + 0x22b2f (?notify@QApplication@@UEAA_NPEAVQObject@@PEAVQEvent@@@Z + 0x17bf)\n\t 0x6014d92b: QtCore4 + 0x10d92b (?notifyInternal@QCoreApplication@@AEAA_NPEAVQObject@@PEAVQEvent@@@Z + 0x7b)\n\t 0x606db511: QtGui4 + 0x3ab511 (?closeEvent@QMdiSubWindow@@MEAAXPEAVQCloseEvent@@@Z + 0xa1)\n\t0x7ffd75c0e5a2: SYS_QUI + 0x3e5a2 (?closeEvent@QUI_MDI_SUB_WND@@MEAAXPEAVQCloseEvent@@@Z + 0x182)\n\t 0x60390be1: QtGui4 + 0x60be1 (?event@QWidget@@MEAA_NPEAVQEvent@@@Z + 0x521)\n\t 0x60352e95: QtGui4 + 0x22e95 (?notify_helper@QApplicationPrivate@@QEAA_NPEAVQObject@@PEAVQEvent@@@Z + 0xf5)\n\t 0x60352b2f: QtGui4 + 0x22b2f (?notify@QApplication@@UEAA_NPEAVQObject@@PEAVQEvent@@@Z + 0x17bf)\n\t 0x6014d92b: QtCore4 + 0x10d92b (?notifyInternal@QCoreApplication@@AEAA_NPEAVQObject@@PEAVQEvent@@@Z + 0x7b)\n\t 0x6038e260: QtGui4 + 0x5e260 (?close_helper@QWidgetPrivate@@QEAA_NW4CloseMode@1@@Z + 0xb0)\n\t0x7ffd75bf4875: SYS_QUI + 0x24875 (?close_all_in_list@QUI_FRAME_WND@@IEAA_NV?$QList@PEAVQMdiSubWindow@@@@PEAVQMdiSubWindow@@U_GUID@@@Z + 0x215)\n\t0x7ffd75bf49c2: SYS_QUI + 0x249c2 (?close_all_windows@QUI_FRAME_WND@@QEAA_NU_GUID@@@Z + 0x102)\n\t0x7ffd75bf4561: SYS_QUI + 0x24561 (?closeEvent@QUI_FRAME_WND@@MEAAXPEAVQCloseEvent@@@Z + 0x1e1)\n\t 0x60390be1: QtGui4 + 0x60be1 (?event@QWidget@@MEAA_NPEAVQEvent@@@Z + 0x521)\n\t 0x606c9d30: QtGui4 + 0x399d30 (?event@QMainWindow@@MEAA_NPEAVQEvent@@@Z + 0x280)\n\t 0x60352e95: QtGui4 + 0x22e95 (?notify_helper@QApplicationPrivate@@QEAA_NPEAVQObject@@PEAVQEvent@@@Z + 0xf5)\n\t 0x60352b2f: QtGui4 + 0x22b2f (?notify@QApplication@@UEAA_NPEAVQObject@@PEAVQEvent@@@Z + 0x17bf)\n\t 0x6014d92b: QtCore4 + 0x10d92b (?notifyInternal@QCoreApplication@@AEAA_NPEAVQObject@@PEAVQEvent@@@Z + 0x7b)\n\t 0x6038e258: QtGui4 + 0x5e258 (?close_helper@QWidgetPrivate@@QEAA_NW4CloseMode@1@@Z + 0xa8)\n\t 0x603b7956: QtGui4 + 0x87956 (?winMouseButtonUp@QApplication@@SAXXZ + 0x1006)\n\t0x7ffdd7e8e857: USER32 + 0xe857 (CallWindowProcW + 0x3f7)\n\t0x7ffdd7e8e3db: USER32 + 0xe3db (DispatchMessageW + 0x39b)\n\t0x7ffdd7ea0c02: USER32 + 0x20c02 (SendMessageTimeoutW + 0x142)\n\t0x7ffdd9d90ef3: ntdll + 0xa0ef3 (KiUserCallbackDispatcher + 0x23)\n\t0x7ffdd7cd1123: win32u + 0x1123 (NtUserMessageCall + 0x13)\n\t0x7ffdd7e8caf4: USER32 + 0xcaf4 (GetWindowTextW + 0x804)\n\t0x7ffdd7e8c2ae: USER32 + 0xc2ae (IsIconic + 0xbe)\n\t0x7ffdd187e781: uxtheme + 0xe781 (GetUserColorPreference + 0x1241)\n\t0x7ffdd1877121: uxtheme + 0x7121 (Ordinal96 + 0x4d1)\n\t0x7ffdd1880868: uxtheme + 0x10868 (IsCompositionActive + 0x1fb8)\n\t0x7ffdd18802d0: uxtheme + 0x102d0 (IsCompositionActive + 0x1a20)\n\t0x7ffdd7e8c7e2: USER32 + 0xc7e2 (GetWindowTextW + 0x4f2)\n\t 0x6082bbf7: QtGui4 + 0x4fbbf7 (?widgetDestroyed@QInputContext@@UEAAXPEAVQWidget@@@Z + 0x307)\n\t 0x603b7915: QtGui4 + 0x87915 (?winMouseButtonUp@QApplication@@SAXXZ + 0xfc5)\n\t0x7ffdd7e8e857: USER32 + 0xe857 (CallWindowProcW + 0x3f7)\n\t0x7ffdd7e8e3db: USER32 + 0xe3db (DispatchMessageW + 0x39b)\n\t0x7ffdd7ea0c02: USER32 + 0x20c02 (SendMessageTimeoutW + 0x142)\n\t0x7ffdd9d90ef3: ntdll + 0xa0ef3 (KiUserCallbackDispatcher + 0x23)\n\t0x7ffdd7cd1063: win32u + 0x1063 (NtUserPeekMessage + 0x13)\n\t0x7ffdd7e8a5c2: USER32 + 0xa5c2 (PeekMessageW + 0x1e2)\n\t0x7ffdd7e8a522: USER32 + 0xa522 (PeekMessageW + 0x142)\n\t 0x60172663: QtCore4 + 0x132663 (?processEvents@QEventDispatcherWin32@@UEAA_NV?$QFlags@W4ProcessEventsFlag@QEventLoop@@@@@Z + 0x243)\n\t 0x603b0eb4: QtGui4 + 0x80eb4 (?openPopup@QApplicationPrivate@@QEAAXPEAVQWidget@@@Z + 0x204)\n\t 0x6014a88b: QtCore4 + 0x10a88b (?exec@QEventLoop@@QEAAHV?$QFlags@W4ProcessEventsFlag@QEventLoop@@@@@Z + 0x22b)\n\t 0x6014ce6f: QtCore4 + 0x10ce6f (?exec@QCoreApplication@@SAHXZ + 0xdf)\n\t0x7ff603ff197b: quartus +",
		"subsystem" : "unknown"
	},
	"quartus" : {
		"quartus_bits" : "64",
		"version" : "17.1.0",
		"build" : "590",
		"edition" : "Lite Edition"
	}
}