{
	"partitions" : [
		{
			"name" : "Top",
			"pins" : [
				{
					"name" : "RAM_B",
					"strict" : false
				},
				{
					"name" : "M[24]",
					"strict" : false
				},
				{
					"name" : "M[23]",
					"strict" : false
				},
				{
					"name" : "M[22]",
					"strict" : false
				},
				{
					"name" : "M[21]",
					"strict" : false
				},
				{
					"name" : "M[20]",
					"strict" : false
				},
				{
					"name" : "M[19]",
					"strict" : false
				},
				{
					"name" : "M[18]",
					"strict" : false
				},
				{
					"name" : "M[17]",
					"strict" : false
				},
				{
					"name" : "M[16]",
					"strict" : false
				},
				{
					"name" : "M[15]",
					"strict" : false
				},
				{
					"name" : "M[14]",
					"strict" : false
				},
				{
					"name" : "M[13]",
					"strict" : false
				},
				{
					"name" : "M[12]",
					"strict" : false
				},
				{
					"name" : "M[11]",
					"strict" : false
				},
				{
					"name" : "M[10]",
					"strict" : false
				},
				{
					"name" : "M[9]",
					"strict" : false
				},
				{
					"name" : "M[8]",
					"strict" : false
				},
				{
					"name" : "M[7]",
					"strict" : false
				},
				{
					"name" : "M[6]",
					"strict" : false
				},
				{
					"name" : "M[5]",
					"strict" : false
				},
				{
					"name" : "M[4]",
					"strict" : false
				},
				{
					"name" : "M[3]",
					"strict" : false
				},
				{
					"name" : "M[2]",
					"strict" : false
				},
				{
					"name" : "M[1]",
					"strict" : false
				},
				{
					"name" : "uaddr[6]",
					"strict" : false
				},
				{
					"name" : "uaddr[5]",
					"strict" : false
				},
				{
					"name" : "uaddr[4]",
					"strict" : false
				},
				{
					"name" : "uaddr[3]",
					"strict" : false
				},
				{
					"name" : "uaddr[2]",
					"strict" : false
				},
				{
					"name" : "uaddr[1]",
					"strict" : false
				},
				{
					"name" : "P[4]",
					"strict" : false
				},
				{
					"name" : "P[3]",
					"strict" : false
				},
				{
					"name" : "P[2]",
					"strict" : false
				},
				{
					"name" : "P[1]",
					"strict" : false
				},
				{
					"name" : "SW_B",
					"strict" : false
				},
				{
					"name" : "LDR1",
					"strict" : false
				},
				{
					"name" : "LDDR1",
					"strict" : false
				},
				{
					"name" : "LDDR2",
					"strict" : false
				},
				{
					"name" : "LDIR",
					"strict" : false
				},
				{
					"name" : "LOAD",
					"strict" : false
				},
				{
					"name" : "LDAR",
					"strict" : false
				},
				{
					"name" : "LDPC",
					"strict" : false
				},
				{
					"name" : "LED_B",
					"strict" : false
				},
				{
					"name" : "R0_B",
					"strict" : false
				},
				{
					"name" : "R1_B",
					"strict" : false
				},
				{
					"name" : "R2_B",
					"strict" : false
				},
				{
					"name" : "ALU_B",
					"strict" : false
				},
				{
					"name" : "PC_B",
					"strict" : false
				},
				{
					"name" : "RST2",
					"strict" : false
				},
				{
					"name" : "FC",
					"strict" : false
				},
				{
					"name" : "FZ",
					"strict" : false
				},
				{
					"name" : "I[7]",
					"strict" : false
				},
				{
					"name" : "I[6]",
					"strict" : false
				},
				{
					"name" : "I[3]",
					"strict" : false
				},
				{
					"name" : "I[5]",
					"strict" : false
				},
				{
					"name" : "SWB",
					"strict" : false
				},
				{
					"name" : "I[2]",
					"strict" : false
				},
				{
					"name" : "I[4]",
					"strict" : false
				},
				{
					"name" : "SWA",
					"strict" : false
				},
				{
					"name" : "S0",
					"strict" : false
				},
				{
					"name" : "RST1",
					"strict" : false
				},
				{
					"name" : "CLK1",
					"strict" : false
				}
			]
		}
	]
}